YM,MM,WB Barcode,WB Артикул,Модель,Наличие,Цена,Цена до скидки
4263,,2040726558940,245836697,Audient Evo 8,1,24800,29800
4203,4203,2039741029467,220519655,Audient ID14 MKII,27,28000,33600
4407,,2040726572311,245837236,Antelope Audio Zen Go SC USB,0,56400,67700
5070,,,,ASM Hydrasynth Desktop,1,105000,126000
8115,,2040726579358,245837971,Beyerdynamic DT 770 Pro X LE,2,28500,34200
4461,,,,Expressive E Touche SE,1,28200,33900
7557,,,,Headrush Core,1,113900,136700
1172,,,,IK Multimedia iLoud Micro Monitor Black,1,39700,47700
7916,,2040769812214,247068985,Kemper Profiler Player,1,99100,119000
4379,,,,M-Audio Oxygen Pro 61,4,30700,36900
7756,7756,2039754316844,220959461,PreSonus Eris 3.5 2nd Gen,29,18900,22700
7569,,,,Presonus Eris Sub 8 BT,2,31000,37200
4340,,2040726538546,245835732,Rode PodMic,0,14800,17800
6490,,,,Roland SH-4D,2,75100,90200
4390,4390,2040726644858,245840058,sE Electronics X1 S Vocal Pack,5,24800,29800
6700,,2040726626953,245839487,Sonicware Liven Texture Lab,2,37100,44600
4744,,2040726615421,245838896,Sony MDR-7506,1,15000,18000
4521,,,,Waldorf Streichfett,1,36000,43200
